Transaction Date,Publication Date,Composite 6,,Composite 11,,BC_Victoria,,BC_Vancouver,,AB_Calgary,,AB_EDMONTON,,MB_Winnipeg,,ON_Hamilton,,ON_Toronto,,_Ottawa_Gatineau,,QC_Montreal,,QC_Québec,,NS_Halifax,
 ,,Index   ,Sales Pair Count,Index   ,Sales Pair Count,Index   ,Sales Pair Count,Index   ,Sales Pair Count,Index   ,Sales Pair Count,Index   ,Sales Pair Count,Index   ,Sales Pair Count,Index   ,Sales Pair Count,Index   ,Sales Pair Count,Index   ,Sales Pair Count,Index   ,Sales Pair Count,Index   ,Sales Pair Count,Index    ,Sales Pair Count
,,0.000,0,0.000,0,0.000,0,0.000,0,0.000,0,0.000,0,0.000,0,0.000,0,0.000,0,0.000,0,0.000,0,0.000,0,0.000,0
,,0.000,0,0.000,0,0.000,0,0.000,0,0.000,0,0.000,0,0.000,0,0.000,0,0.000,0,0.000,0,0.000,0,0.000,0,0.000,0
Jul-1990,Oct-2008,0.000,0,0.000,0,45.970,198,55.360,1189,0.000,0,0.000,0,62.650,792,0.000,0,0.000,0,0.000,0,59.130,1654,61.710,261,57.040,221
Aug-1990,Oct-2008,0.000,0,0.000,0,46.190,267,54.670,1586,0.000,0,0.000,0,62.560,809,0.000,0,0.000,0,0.000,0,58.820,1098,61.790,180,56.980,223
Sep-1990,Oct-2008,0.000,0,0.000,0,46.300,210,54.480,1405,0.000,0,0.000,0,62.190,638,0.000,0,0.000,0,0.000,0,58.500,789,61.810,122,56.860,139
Oct-1990,Oct-2008,0.000,0,0.000,0,45.850,219,54.210,1483,0.000,0,0.000,0,61.710,578,0.000,0,0.000,0,0.000,0,57.780,928,62.420,160,56.300,110
Nov-1990,Oct-2008,0.000,0,0.000,0,45.910,277,55.410,1833,0.000,0,0.000,0,61.140,483,0.000,0,0.000,0,0.000,0,57.480,1054,62.550,151,55.930,129
Dec-1990,Oct-2008,0.000,0,0.000,0,45.610,223,54.900,1887,0.000,0,0.000,0,60.910,452,0.000,0,0.000,0,0.000,0,57.500,832,62.710,75,55.460,107
Jan-1991,Oct-2008,0.000,0,0.000,0,45.790,98,54.370,636,0.000,0,0.000,0,60.680,277,0.000,0,0.000,0,0.000,0,57.520,701,61.790,86,56.150,88
Feb-1991,Oct-2008,0.000,0,0.000,0,46.010,158,52.600,1003,0.000,0,0.000,0,60.960,229,0.000,0,0.000,0,0.000,0,57.410,650,61.650,92,55.760,54
Mar-1991,Oct-2008,0.000,0,0.000,0,46.190,287,53.070,2114,0.000,0,0.000,0,60.940,320,0.000,0,0.000,0,0.000,0,57.670,976,61.440,179,56.290,83
Apr-1991,Oct-2008,0.000,0,0.000,0,46.940,333,54.050,2945,0.000,0,0.000,0,61.250,438,0.000,0,0.000,0,0.000,0,58.230,1167,62.110,204,56.140,99
May-1991,Oct-2008,0.000,0,0.000,0,47.580,486,55.020,3322,0.000,0,0.000,0,61.210,487,0.000,0,0.000,0,0.000,0,58.770,2376,62.160,539,56.770,152
Jun-1991,Oct-2008,0.000,0,0.000,0,48.640,437,55.810,3116,0.000,0,0.000,0,61.480,590,0.000,0,0.000,0,0.000,0,58.600,4002,62.370,871,56.910,184
Jul-1991,Oct-2008,0.000,0,0.000,0,49.560,423,56.600,2755,0.000,0,0.000,0,61.720,872,0.000,0,0.000,0,0.000,0,58.480,1500,62.490,347,57.440,346
Aug-1991,Oct-2008,0.000,0,0.000,0,50.080,407,57.330,2536,0.000,0,0.000,0,61.880,801,0.000,0,0.000,0,0.000,0,57.900,1301,62.050,301,57.670,300
Sep-1991,Oct-2008,0.000,0,0.000,0,50.550,330,57.870,1903,0.000,0,0.000,0,61.910,625,0.000,0,0.000,0,0.000,0,57.720,1138,62.140,198,57.320,160
Oct-1991,Oct-2008,0.000,0,0.000,0,51.000,300,57.810,2223,0.000,0,0.000,0,61.570,524,0.000,0,0.000,0,0.000,0,57.830,1166,61.650,230,56.650,127
Nov-1991,Oct-2008,0.000,0,0.000,0,51.900,384,57.940,2186,0.000,0,0.000,0,61.150,392,0.000,0,0.000,0,0.000,0,58.030,1227,62.250,232,56.820,118
Dec-1991,Oct-2008,0.000,0,0.000,0,52.570,298,58.250,1636,0.000,0,0.000,0,61.700,335,0.000,0,0.000,0,0.000,0,57.790,1917,62.340,265,57.170,106
Jan-1992,Oct-2008,0.000,0,0.000,0,53.310,308,58.820,1981,0.000,0,0.000,0,61.390,263,0.000,0,0.000,0,0.000,0,57.490,534,62.930,94,57.490,123
Feb-1992,Oct-2008,0.000,0,0.000,0,53.600,293,59.310,2105,0.000,0,0.000,0,61.540,236,0.000,0,0.000,0,0.000,0,57.700,755,62.910,156,57.250,63
Mar-1992,Oct-2008,0.000,0,0.000,0,54.100,352,59.770,3081,0.000,0,0.000,0,60.820,371,0.000,0,0.000,0,0.000,0,58.210,1956,63.050,287,57.140,94
Apr-1992,Oct-2008,0.000,0,0.000,0,54.380,465,60.470,3726,0.000,0,0.000,0,61.270,546,0.000,0,0.000,0,0.000,0,58.520,1711,63.370,272,57.200,132
May-1992,Oct-2008,0.000,0,0.000,0,54.810,401,60.990,3171,0.000,0,0.000,0,61.650,597,0.000,0,0.000,0,0.000,0,58.390,2333,63.740,571,57.630,194
Jun-1992,Oct-2008,0.000,0,0.000,0,54.910,492,61.500,3107,0.000,0,0.000,0,62.080,808,0.000,0,0.000,0,0.000,0,58.150,4913,64.070,1239,58.260,176
Jul-1992,Oct-2008,0.000,0,0.000,0,55.380,438,61.830,2961,0.000,0,0.000,0,62.530,971,0.000,0,0.000,0,0.000,0,57.550,1192,64.060,396,58.590,420
Aug-1992,Oct-2008,0.000,0,0.000,0,55.670,430,62.340,2806,0.000,0,0.000,0,62.750,883,0.000,0,0.000,0,0.000,0,57.290,1107,63.610,306,58.750,283
Sep-1992,Oct-2008,0.000,0,0.000,0,56.290,436,62.720,3117,0.000,0,0.000,0,62.750,874,0.000,0,0.000,0,0.000,0,57.150,1174,63.370,251,58.960,135
Oct-1992,Oct-2008,0.000,0,0.000,0,56.550,465,63.370,3455,0.000,0,0.000,0,62.750,640,0.000,0,0.000,0,0.000,0,57.130,1164,63.080,311,59.050,100
Nov-1992,Oct-2008,0.000,0,0.000,0,57.140,491,63.940,4097,0.000,0,0.000,0,62.560,661,0.000,0,0.000,0,0.000,0,57.170,1321,63.220,262,58.890,80
Dec-1992,Oct-2008,0.000,0,0.000,0,57.690,278,64.590,1971,0.000,0,0.000,0,62.400,506,0.000,0,0.000,0,0.000,0,56.670,1337,63.330,280,58.290,84
Jan-1993,Oct-2008,0.000,0,0.000,0,57.910,242,65.140,1831,0.000,0,0.000,0,62.430,262,0.000,0,0.000,0,0.000,0,57.010,626,63.620,126,58.520,77
Feb-1993,Oct-2008,0.000,0,0.000,0,58.380,262,65.550,1661,0.000,0,0.000,0,62.440,226,0.000,0,0.000,0,0.000,0,56.930,683,63.480,128,58.910,103
Mar-1993,Oct-2008,0.000,0,0.000,0,58.570,349,66.230,2769,0.000,0,0.000,0,62.550,333,0.000,0,0.000,0,0.000,0,57.470,1127,63.260,195,59.290,145
Apr-1993,Oct-2008,0.000,0,0.000,0,59.510,382,66.940,3389,0.000,0,0.000,0,62.370,447,0.000,0,0.000,0,0.000,0,57.560,1620,62.970,295,59.560,187
May-1993,Oct-2008,0.000,0,0.000,0,60.020,467,67.430,3286,0.000,0,0.000,0,62.720,500,0.000,0,0.000,0,0.000,0,57.900,2272,63.630,522,59.230,275
Jun-1993,Oct-2008,0.000,0,0.000,0,60.580,506,67.890,3985,0.000,0,0.000,0,63.050,842,0.000,0,0.000,0,0.000,0,58.040,4751,64.030,1187,59.400,154
Jul-1993,Oct-2008,0.000,0,0.000,0,60.430,472,67.980,3215,0.000,0,0.000,0,63.460,935,0.000,0,0.000,0,0.000,0,57.810,1659,64.460,464,59.580,263
Aug-1993,Oct-2008,0.000,0,0.000,0,60.000,452,68.370,2968,0.000,0,0.000,0,63.530,1018,0.000,0,0.000,0,0.000,0,57.260,1210,63.900,321,60.070,266
Sep-1993,Oct-2008,0.000,0,0.000,0,59.940,356,68.430,2796,0.000,0,0.000,0,63.560,757,0.000,0,0.000,0,0.000,0,56.940,1199,63.620,230,60.170,255
Oct-1993,Oct-2008,0.000,0,0.000,0,60.210,337,68.500,2663,0.000,0,0.000,0,63.300,662,0.000,0,0.000,0,0.000,0,56.780,1093,63.180,236,60.090,193
Nov-1993,Oct-2008,0.000,0,0.000,0,60.420,391,68.550,2723,0.000,0,0.000,0,62.970,658,0.000,0,0.000,0,0.000,0,57.040,1206,63.270,242,59.860,151
Dec-1993,Oct-2008,0.000,0,0.000,0,60.530,297,68.630,2076,0.000,0,0.000,0,62.960,417,0.000,0,0.000,0,0.000,0,57.150,1135,62.850,223,59.880,211
Jan-1994,Oct-2008,0.000,0,0.000,0,61.100,332,68.800,2648,0.000,0,0.000,0,62.890,395,0.000,0,0.000,0,0.000,0,57.650,517,62.460,86,59.590,47
Feb-1994,Oct-2008,0.000,0,0.000,0,61.660,411,69.180,2561,0.000,0,0.000,0,63.240,341,0.000,0,0.000,0,0.000,0,57.870,927,61.940,179,59.800,98
Mar-1994,Oct-2008,0.000,0,0.000,0,62.400,492,69.640,3820,0.000,0,0.000,0,63.350,555,0.000,0,0.000,0,0.000,0,58.310,1517,62.710,232,59.640,118
Apr-1994,Oct-2008,0.000,0,0.000,0,62.460,541,70.050,4545,0.000,0,0.000,0,63.740,681,0.000,0,0.000,0,0.000,0,58.450,1778,63.500,333,60.040,123
May-1994,Oct-2008,0.000,0,0.000,0,62.540,533,70.290,5204,0.000,0,0.000,0,63.970,963,0.000,0,0.000,0,0.000,0,58.610,3158,64.430,669,60.370,186
Jun-1994,Oct-2008,0.000,0,0.000,0,62.440,385,70.450,3447,0.000,0,0.000,0,64.080,1085,0.000,0,0.000,0,0.000,0,58.240,5609,64.150,1295,61.020,389
Jul-1994,Oct-2008,0.000,0,0.000,0,62.310,364,70.600,2687,0.000,0,0.000,0,64.220,874,0.000,0,0.000,0,0.000,0,57.850,1788,64.180,430,60.970,266
Aug-1994,Oct-2008,0.000,0,0.000,0,62.500,365,70.710,2871,0.000,0,0.000,0,64.100,1204,0.000,0,0.000,0,0.000,0,57.250,1113,63.710,298,61.270,297
Sep-1994,Oct-2008,0.000,0,0.000,0,62.170,349,70.720,2326,0.000,0,0.000,0,64.020,913,0.000,0,0.000,0,0.000,0,57.080,955,62.800,336,61.160,246
Oct-1994,Oct-2008,0.000,0,0.000,0,62.060,317,71.030,2489,0.000,0,0.000,0,63.750,731,0.000,0,0.000,0,0.000,0,56.620,933,62.320,211,60.760,140
Nov-1994,Oct-2008,0.000,0,0.000,0,61.290,323,70.950,2873,0.000,0,0.000,0,63.570,615,0.000,0,0.000,0,0.000,0,56.560,1039,61.890,222,60.110,116
Dec-1994,Oct-2008,0.000,0,0.000,0,61.670,260,71.130,2071,0.000,0,0.000,0,63.380,448,0.000,0,0.000,0,0.000,0,56.250,1143,62.610,213,59.760,189
Jan-1995,Oct-2008,0.000,0,0.000,0,61.490,317,70.910,2566,0.000,0,0.000,0,63.140,326,0.000,0,0.000,0,0.000,0,56.410,669,62.200,140,60.140,63
Feb-1995,Oct-2008,0.000,0,0.000,0,61.680,224,70.960,2047,0.000,0,0.000,0,63.210,347,0.000,0,0.000,0,0.000,0,56.410,868,62.270,145,60.080,93
Mar-1995,Oct-2008,0.000,0,0.000,0,60.790,219,70.920,2125,0.000,0,0.000,0,63.030,478,0.000,0,0.000,0,0.000,0,56.820,1137,62.000,227,60.080,123
Apr-1995,Oct-2008,0.000,0,0.000,0,60.430,200,70.900,1962,0.000,0,0.000,0,63.350,479,0.000,0,0.000,0,0.000,0,56.990,1176,62.350,220,60.290,82
May-1995,Oct-2008,0.000,0,0.000,0,59.930,263,70.700,2371,0.000,0,0.000,0,63.330,700,0.000,0,0.000,0,0.000,0,57.330,2520,63.040,536,60.560,129
Jun-1995,Oct-2008,0.000,0,0.000,0,59.980,325,70.420,2753,0.000,0,0.000,0,63.660,882,0.000,0,0.000,0,0.000,0,57.200,3929,63.380,1030,60.910,265
Jul-1995,Oct-2008,0.000,0,0.000,0,59.850,396,70.020,2540,0.000,0,0.000,0,63.620,911,0.000,0,0.000,0,0.000,0,56.930,1400,63.260,418,60.780,377
Aug-1995,Oct-2008,0.000,0,0.000,0,60.200,434,70.050,3159,0.000,0,0.000,0,63.600,1159,0.000,0,0.000,0,0.000,0,56.370,1111,62.620,283,60.820,548
Sep-1995,Oct-2008,0.000,0,0.000,0,59.870,444,69.980,2855,0.000,0,0.000,0,63.540,805,0.000,0,0.000,0,0.000,0,56.020,1074,62.500,250,60.550,201
Oct-1995,Oct-2008,0.000,0,0.000,0,59.530,365,69.920,2517,0.000,0,0.000,0,63.410,781,0.000,0,0.000,0,0.000,0,55.750,1009,62.300,272,60.290,134
Nov-1995,Oct-2008,0.000,0,0.000,0,60.190,307,69.910,2667,0.000,0,0.000,0,63.280,615,0.000,0,0.000,0,0.000,0,55.720,1031,61.980,237,59.290,179
Dec-1995,Oct-2008,0.000,0,0.000,0,60.290,296,69.640,2131,0.000,0,0.000,0,62.930,418,0.000,0,0.000,0,0.000,0,55.620,1020,61.830,261,59.050,114
Jan-1996,Oct-2008,0.000,0,0.000,0,60.470,269,69.520,2089,0.000,0,0.000,0,62.840,305,0.000,0,0.000,0,0.000,0,55.570,771,61.770,150,59.060,105
Feb-1996,Oct-2008,0.000,0,0.000,0,59.650,316,69.330,2153,0.000,0,0.000,0,62.820,287,0.000,0,0.000,0,0.000,0,55.640,856,62.250,191,59.940,142
Mar-1996,Oct-2008,0.000,0,0.000,0,59.870,373,69.510,2946,0.000,0,0.000,0,63.110,377,0.000,0,0.000,0,0.000,0,55.810,1113,61.930,244,60.620,177
Apr-1996,Oct-2008,0.000,0,0.000,0,59.570,460,69.780,3488,0.000,0,0.000,0,63.200,534,0.000,0,0.000,0,0.000,0,56.310,1844,62.220,360,61.000,224
May-1996,Oct-2008,0.000,0,0.000,0,59.820,460,69.880,3719,0.000,0,0.000,0,63.380,693,0.000,0,0.000,0,0.000,0,56.690,4093,62.540,921,61.180,365
Jun-1996,Oct-2008,0.000,0,0.000,0,59.490,404,69.980,3205,0.000,0,0.000,0,63.440,894,0.000,0,0.000,0,0.000,0,56.800,4753,62.940,1078,60.850,262
Jul-1996,Oct-2008,0.000,0,0.000,0,59.860,477,70.010,3177,0.000,0,0.000,0,63.420,1078,0.000,0,0.000,0,0.000,0,56.460,1611,62.870,462,60.610,209
Aug-1996,Oct-2008,0.000,0,0.000,0,59.750,485,70.070,3058,0.000,0,0.000,0,63.500,944,0.000,0,0.000,0,0.000,0,55.940,1191,62.830,328,60.180,176
Sep-1996,Oct-2008,0.000,0,0.000,0,60.030,391,69.870,2706,0.000,0,0.000,0,63.320,724,0.000,0,0.000,0,0.000,0,55.540,1037,62.420,248,60.260,161
Oct-1996,Oct-2008,0.000,0,0.000,0,60.010,395,69.800,3208,0.000,0,0.000,0,63.480,698,0.000,0,0.000,0,0.000,0,55.470,1176,62.040,276,60.350,236
Nov-1996,Oct-2008,0.000,0,0.000,0,60.030,488,69.710,3622,0.000,0,0.000,0,63.330,601,0.000,0,0.000,0,0.000,0,55.510,1311,61.380,275,60.670,233
Dec-1996,Oct-2008,0.000,0,0.000,0,59.990,312,69.920,2747,0.000,0,0.000,0,63.440,582,0.000,0,0.000,0,0.000,0,55.820,1376,61.420,208,60.680,152
Jan-1997,Oct-2008,0.000,0,0.000,0,60.250,496,69.780,3521,0.000,0,0.000,0,63.260,502,0.000,0,0.000,0,0.000,0,55.950,1089,61.450,186,60.840,115
Feb-1997,Oct-2008,0.000,0,0.000,0,60.590,316,69.910,3010,0.000,0,0.000,0,63.160,440,0.000,0,0.000,0,0.000,0,56.210,1169,61.810,214,60.980,183
Mar-1997,Oct-2008,0.000,0,0.000,0,60.550,345,69.920,3154,0.000,0,0.000,0,63.340,528,0.000,0,0.000,0,0.000,0,56.500,1221,62.260,227,61.440,205
Apr-1997,Oct-2008,0.000,0,0.000,0,60.580,440,70.180,3846,0.000,0,0.000,0,63.630,798,0.000,0,0.000,0,0.000,0,56.870,2387,62.720,427,61.550,250
May-1997,Oct-2008,0.000,0,0.000,0,60.330,549,70.350,3975,0.000,0,0.000,0,64.100,750,0.000,0,0.000,0,0.000,0,57.100,4731,63.080,1095,61.850,449
Jun-1997,Oct-2008,0.000,0,0.000,0,60.740,505,70.320,3568,0.000,0,0.000,0,64.290,942,0.000,0,0.000,0,0.000,0,56.900,6350,63.100,1487,61.900,330
Jul-1997,Oct-2008,0.000,0,0.000,0,60.920,533,70.420,3357,0.000,0,0.000,0,64.430,1184,0.000,0,0.000,0,0.000,0,56.570,2029,63.230,498,62.170,264
Aug-1997,Oct-2008,0.000,0,0.000,0,60.960,519,70.290,3368,0.000,0,0.000,0,64.500,1124,0.000,0,0.000,0,0.000,0,56.100,1357,62.510,341,62.060,212
Sep-1997,Oct-2008,0.000,0,0.000,0,60.670,380,70.500,2637,0.000,0,0.000,0,64.380,1004,0.000,0,0.000,0,0.000,0,56.150,1161,62.320,300,61.870,171
Oct-1997,Oct-2008,0.000,0,0.000,0,60.290,438,70.290,3106,0.000,0,0.000,0,64.290,854,0.000,0,0.000,0,0.000,0,56.160,1349,62.180,274,62.190,243
Nov-1997,Oct-2008,0.000,0,0.000,0,60.360,358,69.880,3046,0.000,0,0.000,0,64.050,603,0.000,0,0.000,0,0.000,0,56.600,1100,62.940,279,62.190,165
Dec-1997,Oct-2008,0.000,0,0.000,0,60.320,304,69.580,2461,0.000,0,0.000,0,63.880,502,0.000,0,0.000,0,0.000,0,56.590,1351,62.720,276,62.170,109
Jan-1998,Oct-2008,0.000,0,0.000,0,60.960,341,69.270,2437,0.000,0,0.000,0,63.540,414,0.000,0,0.000,0,0.000,0,56.750,837,62.650,146,61.820,147
Feb-1998,Oct-2008,0.000,0,0.000,0,60.750,318,69.360,2282,0.000,0,0.000,0,63.770,414,0.000,0,0.000,0,0.000,0,56.650,958,61.850,165,62.270,157
Mar-1998,Oct-2008,0.000,0,0.000,0,61.050,338,69.250,2334,0.000,0,0.000,0,63.940,537,0.000,0,0.000,0,0.000,0,56.900,1265,62.290,239,62.890,203
Apr-1998,Oct-2008,0.000,0,0.000,0,60.420,381,69.100,2482,0.000,0,0.000,0,64.190,541,0.000,0,0.000,0,0.000,0,57.270,2029,62.600,360,63.150,367
May-1998,Oct-2008,0.000,0,0.000,0,60.620,365,68.940,2449,0.000,0,0.000,0,64.150,699,0.000,0,0.000,0,0.000,0,57.700,3813,63.440,794,63.480,277
Jun-1998,Oct-2008,0.000,0,0.000,0,60.520,498,68.710,2997,0.000,0,0.000,0,64.550,1107,0.000,0,0.000,0,0.000,0,57.990,6241,63.290,1524,63.730,298
Jul-1998,Oct-2008,0.000,0,0.000,0,60.850,491,68.540,2627,0.000,0,0.000,0,64.910,1154,68.020,107,68.380,537,62.680,163,57.950,2144,63.220,404,63.910,260
Aug-1998,Oct-2008,0.000,0,0.000,0,60.430,451,68.290,2521,0.000,0,0.000,0,65.230,1249,67.810,102,68.250,559,62.760,136,58.000,1522,62.930,325,63.870,221
Sep-1998,Oct-2008,0.000,0,0.000,0,59.970,439,67.930,2682,0.000,0,0.000,0,65.250,1045,68.050,85,68.170,428,62.930,104,57.960,1452,63.100,258,63.910,229
Oct-1998,Oct-2008,0.000,0,0.000,0,59.670,345,67.580,2395,0.000,0,0.000,0,65.210,791,67.660,95,68.090,468,62.990,100,58.070,1537,62.530,257,63.900,249
Nov-1998,Oct-2008,0.000,0,0.000,0,59.830,343,67.350,2100,0.000,0,0.000,0,65.050,624,67.320,71,68.130,448,62.290,85,58.020,1403,62.240,266,64.140,180
Dec-1998,Oct-2008,0.000,0,0.000,0,60.040,330,66.890,1975,0.000,0,0.000,0,64.850,497,67.930,65,69.270,420,64.560,66,58.410,1430,62.040,256,64.530,132
Jan-1999,Oct-2008,0.000,0,0.000,0,60.130,244,66.600,1862,0.000,0,0.000,0,64.780,271,68.310,53,68.910,316,64.060,43,58.490,875,61.870,156,64.890,86
Feb-1999,Oct-2008,66.460,3980,0.000,0,60.070,289,66.510,1933,69.400,497,0.000,0,64.770,301,69.050,50,69.070,301,65.640,48,58.700,997,62.210,160,65.310,204
Mar-1999,Oct-2008,66.030,5525,65.630,7309,60.000,381,66.660,2578,69.200,585,61.920,544,64.980,522,68.600,59,68.290,429,63.650,103,58.750,1598,62.720,278,65.470,232
Apr-1999,Oct-2008,66.620,6378,66.170,8540,60.210,390,67.010,2586,69.160,511,62.320,673,65.230,618,68.620,74,69.170,400,64.520,93,59.190,2438,63.710,407,65.970,350
May-1999,Oct-2008,67.210,8523,66.720,11380,60.320,373,67.060,2628,69.220,611,62.720,800,65.580,711,68.880,102,70.530,477,63.800,128,59.550,4324,64.060,871,66.190,355
Jun-1999,Oct-2008,67.530,12349,67.040,16677,60.660,563,67.190,3634,69.600,678,63.020,972,65.990,1108,69.400,115,70.950,738,64.290,208,59.770,6748,63.820,1570,66.500,343
Jul-1999,Oct-2008,67.720,7629,67.240,11016,60.450,501,67.260,3529,69.950,777,63.420,966,66.540,1373,70.110,105,71.180,716,64.170,195,60.070,2124,63.750,442,66.510,288
Aug-1999,Oct-2008,67.580,6418,67.150,9501,60.580,409,67.370,3016,70.250,598,63.570,932,66.750,1309,70.240,119,70.580,747,64.470,156,60.290,1665,63.860,314,66.470,236
Sep-1999,Oct-2008,67.740,5817,67.280,8319,60.750,390,67.440,2678,70.510,616,63.640,749,66.770,999,69.820,75,70.830,554,64.410,151,60.350,1505,63.840,289,66.640,313
Oct-1999,Oct-2008,67.910,5137,67.430,7318,60.760,334,67.550,2355,70.600,528,63.850,740,66.750,754,69.660,87,71.010,502,64.940,107,60.490,1453,64.220,266,66.870,192
Nov-1999,Oct-2008,68.010,5691,67.520,7864,60.670,441,67.590,2629,70.830,539,63.980,632,66.880,709,69.450,94,71.030,581,65.120,97,60.740,1648,64.210,297,67.500,197
Dec-1999,Oct-2008,68.330,4550,67.820,6200,60.460,288,67.710,1904,70.810,499,64.290,418,66.830,579,70.070,77,71.610,508,65.250,106,60.940,1377,64.720,288,67.640,156
Jan-2000,Oct-2008,68.460,3509,67.940,4304,60.640,192,67.700,1632,71.250,419,64.380,117,66.460,305,70.190,51,71.760,367,65.470,65,60.980,935,64.490,130,68.240,91
Feb-2000,Oct-2008,68.820,3691,68.300,5090,61.030,247,67.700,1623,71.550,352,64.790,459,66.530,386,70.510,60,72.500,307,65.710,73,60.970,1150,64.990,247,68.660,186
Mar-2000,Oct-2008,68.980,5302,68.450,6961,60.910,251,67.800,2078,72.210,526,64.960,618,66.770,492,70.730,75,72.470,470,66.020,94,61.290,1756,65.150,223,69.330,378
Apr-2000,Oct-2008,69.480,5590,68.960,7484,61.000,255,67.980,2037,72.560,575,65.520,617,67.550,572,71.830,96,73.200,387,66.720,104,61.670,2228,65.410,354,69.450,259
May-2000,Oct-2008,69.850,9358,69.330,12666,60.840,353,68.350,2353,73.090,622,65.930,867,67.880,916,72.700,100,73.440,640,67.390,175,62.210,5270,65.260,1072,69.640,298
Jun-2000,Oct-2008,70.310,12070,69.800,16279,61.470,419,68.700,2871,73.240,749,66.530,946,68.460,987,73.180,128,74.000,812,67.780,240,62.800,7045,65.350,1729,69.860,353
Jul-2000,Oct-2008,70.640,6308,70.090,9335,61.650,326,68.810,2369,73.620,678,66.860,787,68.820,1318,72.690,102,74.340,722,68.100,209,63.400,2049,65.810,494,70.040,281
Aug-2000,Oct-2008,70.810,6580,70.290,9766,61.910,362,68.730,2634,73.610,687,67.190,1046,69.090,1334,73.010,110,74.630,863,68.380,225,63.670,1842,66.240,334,70.250,329
Sep-2000,Oct-2008,70.960,5328,70.420,7700,61.830,326,68.330,2149,73.840,626,67.250,756,69.070,894,73.190,110,74.970,667,69.290,180,63.820,1526,66.160,286,69.990,180
Oct-2000,Oct-2008,71.030,5251,70.500,7478,61.590,320,68.090,2125,73.660,585,67.350,702,69.050,835,73.830,100,75.170,672,70.080,143,63.810,1545,66.200,270,70.410,181
Nov-2000,Oct-2008,71.200,5707,70.640,7786,61.940,267,67.960,2530,73.910,570,67.530,694,68.920,738,73.570,116,75.460,628,70.920,194,63.810,1606,65.850,264,70.440,179
Dec-2000,Oct-2008,71.350,4285,70.790,5814,62.090,184,68.100,1604,74.150,430,67.940,499,68.810,501,73.760,92,75.500,621,71.660,128,63.940,1331,65.380,253,70.630,171
Jan-2001,Oct-2008,71.590,3940,71.020,5174,62.330,230,68.360,1821,74.900,446,68.510,475,68.460,359,73.720,56,75.690,460,71.800,91,63.990,1024,65.850,114,70.890,98
Feb-2001,Oct-2008,71.870,3926,71.280,5134,62.020,189,68.340,1692,75.150,339,68.820,506,68.550,356,73.990,50,76.120,444,72.370,68,64.230,1166,66.060,107,71.320,217
Mar-2001,Oct-2008,72.080,5552,71.520,7344,61.750,292,67.960,2328,75.510,578,69.070,690,69.010,460,74.480,93,76.550,517,72.770,141,64.470,1679,67.680,257,71.930,309
Apr-2001,Oct-2008,72.360,6906,71.820,9121,61.890,319,68.150,2776,75.460,581,69.370,813,69.760,612,75.180,100,76.900,571,73.200,123,64.840,2516,67.570,371,72.390,339
May-2001,Oct-2008,72.790,10613,72.250,13884,62.080,410,68.670,2987,75.740,660,69.910,946,70.400,801,75.760,102,77.200,678,73.970,207,65.410,5753,67.930,1012,72.710,328
Jun-2001,Oct-2008,73.380,13674,72.810,18424,62.430,508,69.440,3647,76.020,797,70.560,1132,70.780,1075,76.110,148,77.680,1020,74.540,351,66.250,7494,67.500,1887,73.150,365
Jul-2001,Oct-2008,73.860,8300,73.260,12192,62.690,565,69.550,3680,76.410,739,71.070,1048,71.120,1513,76.380,168,78.110,1037,75.570,305,67.220,2258,67.780,598,73.370,281
Aug-2001,Oct-2008,74.220,8572,73.640,12348,63.080,604,69.580,3851,76.980,813,71.600,1273,71.320,1331,76.880,142,78.450,1263,75.870,308,67.950,1980,68.530,426,73.990,357
Sep-2001,Oct-2008,74.510,6333,73.920,9010,63.600,404,69.900,2987,77.360,725,72.080,977,71.480,925,76.660,102,78.820,717,76.360,180,67.890,1513,68.630,269,73.970,211
Oct-2001,Oct-2008,74.850,6741,74.290,9454,64.030,435,70.190,2976,77.790,777,72.700,903,71.510,931,77.220,134,79.390,865,76.470,193,67.760,1763,69.230,310,74.470,167
Nov-2001,Oct-2008,75.040,7345,74.510,9799,64.330,408,70.340,3407,77.880,617,73.310,881,71.720,722,77.530,147,79.690,767,77.030,208,67.690,2140,69.340,296,74.590,206
Dec-2001,Oct-2008,75.180,5559,74.690,7522,64.450,269,70.300,2355,78.170,525,73.940,654,71.770,611,77.950,100,79.820,694,77.320,143,67.890,1658,70.040,329,75.110,184
Jan-2002,Oct-2008,75.470,6279,74.970,7926,64.900,376,70.670,3501,78.600,589,74.510,633,71.620,378,77.610,88,80.060,603,77.730,110,68.030,1269,70.390,172,75.630,207
Feb-2002,Oct-2008,76.080,6083,75.560,7798,65.060,359,71.280,3158,79.220,449,75.530,657,71.710,400,77.900,109,80.810,587,78.070,116,68.430,1561,70.290,190,76.310,212
Mar-2002,Oct-2008,76.950,7505,76.400,9640,65.750,404,72.130,3775,79.980,639,76.620,856,72.200,513,78.630,99,81.720,728,78.960,137,69.230,1983,70.600,263,77.250,243
Apr-2002,Oct-2008,77.840,10024,77.310,12925,66.430,565,72.970,4505,80.720,961,77.960,1001,73.080,700,79.750,127,82.730,807,79.700,141,70.110,3287,70.860,508,77.850,323
May-2002,Oct-2008,78.610,13596,78.120,17375,67.540,621,73.770,4844,81.440,809,79.020,943,73.850,820,80.830,139,83.440,1033,80.800,249,70.930,6361,71.810,1256,78.150,300
Jun-2002,Oct-2008,79.410,14426,78.930,19332,68.090,564,74.560,4591,82.110,924,80.100,1205,74.750,1014,81.560,185,84.150,1102,81.520,289,72.100,7222,72.830,1938,78.790,298
Jul-2002,Oct-2008,80.100,9451,79.640,13778,68.510,579,74.970,4099,82.610,947,81.030,1363,75.670,1490,82.230,197,84.590,1173,82.640,376,73.710,2595,74.140,698,79.690,261
Aug-2002,Oct-2008,80.710,8568,80.230,12396,68.490,605,75.200,3967,83.200,899,81.700,1362,76.430,1301,82.750,180,85.130,1010,83.520,346,74.880,1981,74.820,380,80.630,365
Sep-2002,Oct-2008,81.020,6915,80.570,9889,68.780,427,75.100,3274,83.830,827,82.290,1174,76.680,934,83.200,134,85.480,770,84.390,190,75.250,1651,75.430,305,80.830,203
Oct-2002,Oct-2008,81.380,6935,80.900,9644,68.930,383,75.390,3438,84.600,707,82.620,1030,76.880,867,83.420,111,85.810,684,84.830,180,75.530,1755,75.700,318,80.620,171
Nov-2002,Oct-2008,81.630,7186,81.190,9412,69.730,430,75.380,3380,84.930,768,83.040,611,76.730,711,83.840,133,86.140,787,85.160,175,75.880,1838,76.140,341,81.100,238
Dec-2002,Oct-2008,82.180,5598,81.720,7561,70.160,275,75.800,2367,85.370,639,83.320,677,76.860,558,84.200,86,86.630,606,85.740,137,76.730,1721,77.740,367,82.130,128
Jan-2003,Oct-2008,82.530,5899,82.100,7535,70.740,329,76.050,3208,85.790,665,83.810,707,77.000,340,85.140,120,87.000,532,86.390,85,76.950,1302,77.710,140,83.250,107
Feb-2003,Oct-2008,83.180,5487,82.720,7074,71.020,336,77.030,2784,86.300,531,84.390,641,77.630,365,85.490,75,87.430,509,86.600,78,77.960,1413,78.400,170,83.900,172
Mar-2003,Oct-2008,83.760,6729,83.290,8632,71.520,336,77.840,3372,86.750,648,85.110,779,78.120,477,86.280,95,87.930,564,86.880,99,78.560,1815,78.280,216,84.610,231
Apr-2003,Oct-2008,84.430,8239,83.960,10464,72.190,441,78.650,3745,87.050,642,85.680,826,78.920,524,86.370,114,88.500,625,87.390,110,79.620,2789,80.030,320,85.040,328
May-2003,Oct-2008,85.000,10896,84.570,14186,73.460,566,79.330,4161,87.580,935,86.340,1022,79.890,749,86.640,153,88.880,749,88.230,180,80.440,4523,81.360,800,85.280,348
Jun-2003,Oct-2008,85.510,13600,85.130,18141,74.890,633,80.030,4510,87.900,1001,86.840,1101,81.260,940,86.940,165,89.080,966,88.810,259,81.570,6566,82.230,1702,85.530,298
Jul-2003,Oct-2008,86.130,9578,85.790,13499,76.430,625,80.780,4620,88.320,800,87.380,1150,82.420,1333,87.640,176,89.490,953,89.560,243,82.560,2656,83.130,637,86.250,306
Aug-2003,Oct-2008,86.660,9310,86.340,12960,77.190,703,81.300,4907,88.750,715,87.640,1157,83.540,1186,88.270,178,89.990,971,89.910,289,83.340,2167,83.870,426,86.850,261
Sep-2003,Oct-2008,87.280,8829,86.960,12047,78.490,530,82.110,4708,89.090,839,87.920,1235,84.190,987,88.790,136,90.520,889,90.430,180,84.100,2036,84.330,330,87.370,177
Oct-2003,Oct-2008,87.830,8425,87.500,11339,80.050,525,83.080,4294,89.580,754,88.120,940,84.820,905,88.960,159,90.820,787,90.690,184,84.880,2204,84.630,385,87.480,202
Nov-2003,Oct-2008,88.140,7430,87.830,9776,81.260,364,83.680,3840,89.790,637,88.530,827,84.770,698,89.020,100,90.990,662,91.170,168,85.160,1943,84.940,357,87.710,180
Dec-2003,Oct-2008,88.530,6254,88.200,8480,81.340,354,84.310,2829,90.180,619,88.740,725,84.670,658,89.400,94,91.400,645,91.390,153,85.230,1917,85.710,395,87.840,91
Jan-2004,Oct-2008,88.860,5838,88.530,7493,81.490,322,84.730,3186,90.330,702,89.160,712,84.700,348,89.930,96,91.630,536,91.710,100,85.810,1179,86.020,177,88.260,135
Feb-2004,Oct-2008,89.640,5235,89.270,6640,81.810,294,86.170,2737,90.920,390,89.580,504,85.380,358,90.450,74,92.050,409,92.330,72,86.680,1438,87.070,175,89.380,189
Mar-2004,Oct-2008,90.410,7190,90.090,9145,83.560,410,87.630,3738,91.660,590,90.460,728,86.370,446,91.120,75,92.260,575,93.120,96,87.920,1952,88.220,296,90.180,239
Apr-2004,Oct-2008,91.150,9061,90.870,11513,85.200,536,89.160,4435,92.230,626,91.100,839,87.580,559,91.810,133,92.410,643,93.800,121,89.030,2919,89.580,385,91.640,317
May-2004,Oct-2008,92.130,10413,91.870,13650,87.390,497,90.640,4310,92.630,807,91.680,1202,88.970,661,92.510,134,93.050,622,94.450,172,90.640,4166,91.010,743,92.400,336
Jun-2004,Oct-2008,92.860,13868,92.660,18474,89.320,607,91.970,5134,93.040,839,92.290,1259,90.400,940,93.230,163,93.380,890,94.970,260,91.810,6506,92.160,1637,93.180,239
Jul-2004,Oct-2008,93.590,8805,93.420,12471,90.030,577,92.840,4427,93.430,643,93.030,1164,92.090,1196,93.720,151,94.150,870,95.550,243,92.570,2381,93.340,578,93.560,241
Aug-2004,Oct-2008,93.830,7814,93.730,11474,90.690,528,93.080,3946,93.910,736,93.850,1362,93.110,1204,94.570,155,94.420,810,96.090,216,92.440,1889,93.380,411,93.730,217
Sep-2004,Oct-2008,94.040,6734,93.940,9769,90.980,456,92.740,3227,94.170,812,94.270,1043,93.540,1096,94.480,122,94.940,576,96.440,142,92.620,1781,92.990,318,93.900,196
Oct-2004,Oct-2008,94.380,6018,94.290,8530,91.870,393,93.040,2900,94.840,587,94.450,872,93.510,803,95.210,93,95.280,516,96.650,116,92.880,1732,93.310,351,94.000,167
Nov-2004,Oct-2008,94.730,6268,94.610,8667,92.070,368,93.100,2980,95.450,605,94.690,769,93.640,790,95.140,89,95.620,501,96.930,106,93.470,1935,93.280,383,95.110,141
Dec-2004,Oct-2008,95.360,4866,95.220,6790,92.850,312,93.900,2054,96.170,549,95.110,671,93.970,577,95.590,74,96.100,421,97.480,108,94.190,1663,93.940,290,95.810,71
Jan-2005,Oct-2008,95.520,4474,95.370,5798,93.400,270,93.810,2487,96.170,505,95.620,537,94.060,326,95.350,50,96.270,326,98.150,57,94.510,1028,93.180,141,96.090,71
Feb-2005,Oct-2008,96.160,4297,96.060,5672,95.020,280,94.600,2255,96.700,420,96.400,532,94.620,335,96.090,60,96.780,230,98.630,70,95.450,1208,94.350,168,96.170,114
Mar-2005,Oct-2008,96.510,5927,96.500,7671,96.320,324,95.220,3070,97.120,629,97.030,731,95.110,419,96.900,42,96.700,315,99.310,83,96.290,1660,96.070,228,96.810,170
Apr-2005,Oct-2008,97.800,7366,97.810,9634,98.730,495,96.900,3672,98.400,674,98.000,883,96.180,491,97.580,73,97.850,354,99.750,111,97.780,2296,98.240,326,97.810,259
May-2005,Oct-2008,99.010,11344,99.050,14487,101.460,511,99.040,3885,99.620,679,98.980,939,98.260,639,98.720,333,98.800,2281,100.110,351,98.730,3867,98.680,721,98.550,281
Jun-2005,Oct-2008,100.000,17025,100.000,21602,100.000,580,100.000,4785,100.000,692,100.000,967,100.000,860,100.000,704,100.000,4519,100.000,957,100.000,5775,100.000,1466,100.000,297
Jul-2005,Oct-2008,100.220,12576,100.190,16507,102.740,498,101.360,4290,100.360,810,99.640,1140,99.880,1198,99.200,614,99.990,4240,100.020,944,99.360,2082,98.420,481,99.020,210
Aug-2005,Oct-2008,101.340,12917,101.560,17073,106.650,583,102.890,4430,102.960,725,102.100,1351,102.730,1096,101.340,735,101.120,4704,100.670,948,99.160,1886,100.170,391,100.330,224
Sep-2005,Oct-2008,101.690,10869,101.890,14203,106.870,473,103.730,3728,103.580,812,102.510,1033,103.010,924,101.440,579,101.200,3662,100.780,699,99.490,1794,100.580,325,99.880,174
Oct-2005,Oct-2008,102.210,9378,102.400,12146,107.520,345,104.590,3348,104.520,598,102.990,923,103.080,729,101.930,482,101.530,3054,101.140,536,99.910,1692,100.820,289,99.760,150
Nov-2005,Oct-2008,102.780,9696,102.930,12510,107.000,344,105.510,3344,105.390,657,103.680,871,103.790,755,102.460,524,101.940,3258,101.440,561,100.400,1731,100.750,320,99.730,145
Dec-2005,Oct-2008,103.160,7502,103.330,9614,107.500,257,106.560,2219,106.550,624,104.450,646,103.450,521,103.270,383,102.210,2741,101.510,436,99.810,1384,100.760,305,99.710,98
Jan-2006,Oct-2008,103.510,6799,103.650,8532,106.090,284,107.160,2632,108.450,613,105.570,629,103.670,312,102.890,366,102.210,2236,101.160,286,99.960,918,102.060,142,100.980,114
Feb-2006,Oct-2008,104.430,6100,104.590,7676,108.140,286,108.920,2241,111.170,483,107.000,528,104.390,293,102.950,290,102.430,1805,101.150,304,100.770,1134,102.790,179,101.520,133
Mar-2006,Oct-2008,105.740,8629,105.890,10873,110.300,367,110.770,3124,115.180,684,108.390,760,106.070,454,103.110,389,102.910,2552,101.860,481,102.050,1578,103.320,274,103.160,210
Apr-2006,Oct-2008,107.180,8575,107.430,10784,114.630,375,112.550,3084,119.610,548,110.400,708,108.170,427,104.450,390,103.660,2389,102.910,416,103.210,1954,103.330,309,103.590,184
May-2006,Oct-2008,108.890,12896,109.160,16406,116.680,498,114.800,3743,125.350,886,112.780,1072,109.610,633,105.810,532,104.520,3320,103.800,619,104.340,4073,104.730,775,104.060,255
Jun-2006,Oct-2008,110.420,16200,110.740,20743,117.330,552,117.270,4223,130.750,745,116.460,1120,111.330,756,106.630,686,105.250,4510,104.150,1080,104.920,5431,105.510,1429,104.060,211
Jul-2006,Oct-2008,113.010,11955,113.350,15755,124.970,480,121.680,3791,135.670,635,117.920,1165,115.240,1108,107.890,646,106.360,4262,105.780,1094,107.620,2011,105.090,401,106.710,162
Aug-2006,Oct-2008,115.070,11684,115.480,15629,125.870,484,126.190,3695,142.700,647,123.430,1251,116.110,1129,108.480,678,106.890,4346,106.200,997,108.030,1857,107.180,403,106.640,142
Sep-2006,Oct-2008,115.630,8599,116.220,11632,124.510,368,127.860,2746,147.050,493,129.990,1079,116.480,810,107.860,494,106.380,3047,105.890,731,107.740,1430,107.000,282,107.500,152
Oct-2006,Oct-2008,115.480,7942,116.420,10705,123.780,349,128.530,2494,150.470,439,136.200,939,116.380,714,108.060,450,104.690,2826,105.220,551,108.200,1504,107.640,311,109.050,128
Nov-2006,Oct-2008,115.950,8234,117.080,10727,123.360,302,129.420,2615,152.280,338,142.020,800,116.060,601,108.200,461,104.680,2865,105.570,571,108.600,1755,106.550,329,108.960,90
Dec-2006,Oct-2008,115.790,6423,117.110,8312,123.010,267,128.760,1787,153.340,300,145.910,539,115.720,470,107.590,382,104.380,2536,105.300,487,108.810,1251,107.020,231,108.660,62
Jan-2007,Oct-2008,115.570,6350,117.170,8344,125.000,265,128.360,2128,149.790,479,149.520,842,115.700,393,106.840,349,104.940,2280,103.600,365,109.510,1003,107.950,145,108.250,95
Feb-2007,Oct-2008,114.900,5951,116.780,7573,126.250,231,128.190,1960,149.530,412,152.150,626,116.190,283,105.630,303,103.730,1882,103.200,327,108.870,1264,109.280,179,109.760,106
Mar-2007,Oct-2008,115.890,8428,117.980,10532,127.500,371,130.040,2813,150.880,616,157.380,668,116.780,376,106.800,397,104.040,2564,104.100,475,110.200,1776,109.540,292,110.400,184
Apr-2007,Oct-2008,117.970,9678,120.140,12099,127.740,410,132.420,3174,158.070,697,162.540,753,119.880,466,107.510,420,104.970,2633,106.960,531,111.520,2370,111.430,372,111.400,273
May-2007,Oct-2008,120.180,13730,122.600,17162,130.110,464,134.590,3852,162.460,796,169.630,842,122.710,657,109.410,571,106.840,3416,107.970,733,113.880,4610,113.520,898,112.590,323
Jun-2007,Oct-2008,122.160,17637,124.810,22223,131.920,647,136.500,4348,167.220,753,175.390,960,126.360,776,110.840,661,108.770,4878,109.050,1153,114.910,6209,116.710,1542,113.680,296
Jul-2007,Oct-2008,123.960,13963,126.810,18011,133.170,646,138.440,4391,171.390,853,181.620,1004,128.000,1139,112.790,782,110.660,5023,110.420,1186,115.260,2304,117.530,477,113.820,206
Aug-2007,Oct-2008,125.150,14963,128.180,18981,134.930,684,140.480,4700,173.720,713,186.060,885,129.860,1183,113.680,787,111.610,5622,111.390,1360,115.450,2373,118.070,479,113.510,195
Sep-2007,Oct-2008,125.920,9234,129.020,11866,136.410,403,141.980,2978,174.000,589,187.910,611,131.390,845,114.280,496,112.010,3144,112.140,699,116.390,1665,117.980,277,114.790,159
Oct-2007,Oct-2008,126.230,9444,129.270,12010,138.300,413,143.160,3017,173.260,519,186.870,584,133.460,785,113.330,442,112.070,3234,112.200,672,116.810,1850,117.070,342,114.740,152
Nov-2007,Oct-2008,126.790,9912,129.600,12532,138.370,452,144.040,3090,172.290,434,183.200,545,135.180,628,113.300,601,112.880,3521,112.650,724,117.360,2023,117.270,394,114.530,120
Dec-2007,Oct-2008,126.570,6677,129.270,8488,138.810,229,143.990,1840,171.160,410,180.300,480,135.840,534,112.550,341,113.120,2600,111.570,441,116.800,1296,117.480,227,113.220,90
Jan-2008,Oct-2008,126.860,7124,129.440,8760,138.670,303,144.280,2449,169.040,395,178.450,530,135.340,286,112.470,367,113.670,2665,112.210,372,117.570,1143,119.750,150,114.920,100
Feb-2008,Oct-2008,126.570,6145,129.190,7642,139.700,236,144.670,2042,167.660,331,176.650,461,135.940,289,112.570,321,113.150,1870,111.540,370,117.590,1387,121.240,190,115.370,145
Mar-2008,Oct-2008,127.210,7025,129.680,8811,140.390,302,146.960,2375,166.920,387,175.860,586,138.090,330,113.200,358,113.010,2118,113.170,394,118.100,1585,117.050,210,117.560,166
Apr-2008,Oct-2008,127.930,9213,130.580,11424,142.010,365,148.780,2935,167.830,490,175.280,628,141.770,479,114.690,427,113.200,2411,113.030,558,118.790,2592,123.540,312,119.030,227
May-2008,Oct-2008,129.120,12267,131.670,15530,142.990,454,150.220,3204,168.370,445,175.980,768,145.040,587,115.230,538,114.180,2984,114.560,813,120.440,4549,120.400,916,119.590,272
Jun-2008,Oct-2008,130.020,14561,132.700,18595,143.930,468,150.490,3313,168.670,368,175.520,592,147.270,773,117.060,543,115.520,3410,115.160,1052,121.540,6192,127.860,1658,120.990,226
Jul-2008,Oct-2008,130.680,12188,133.290,16347,143.460,577,150.590,3296,167.960,617,174.950,1133,148.380,1136,118.070,739,116.830,4264,116.310,1267,122.140,2520,128.470,574,120.710,224
Aug-2008,Oct-2008,130.930,11046,133.510,14845,143.490,503,150.100,2457,165.850,579,173.390,1039,149.120,1067,119.160,717,117.860,4409,117.920,1272,122.300,2158,130.060,473,121.250,171
Sep-2008,Nov-2008,130.390,8245,132.930,11238,142.460,333,149.560,1986,162.570,518,171.370,926,149.050,928,119.160,451,117.390,2966,118.030,729,122.840,1893,131.150,355,121.220,153
Oct-2008,Dec-2008,129.000,7918,131.660,10690,141.870,299,147.660,1711,160.890,378,169.390,766,149.010,760,118.870,495,115.490,2836,118.680,798,122.730,2081,132.160,452,120.370,114
Nov-2008,Jan-2009,127.500,6241,130.160,8229,140.100,180,145.730,1337,159.540,322,166.060,531,148.670,572,118.270,409,113.550,2184,117.290,599,122.640,1732,133.120,296,120.040,67
Dec-2008,Feb-2009,125.610,4702,128.250,6358,138.190,165,141.600,979,158.000,212,163.310,434,147.740,490,115.750,294,112.310,1675,116.620,445,121.570,1330,132.610,273,118.020,61
Jan-2009,Mar-2009,123.620,3507,126.170,4499,134.460,132,137.700,944,154.620,144,159.610,246,146.280,246,113.260,209,110.620,1214,114.900,299,122.020,851,133.420,159,117.880,55
Feb-2009,Apr-2009,121.390,3678,123.970,4776,132.480,159,134.950,1037,154.410,187,157.330,323,143.880,273,111.280,198,107.460,1116,114.730,276,120.500,961,132.450,145,117.840,101
Mar-2009,May-2009,119.890,5177,122.590,6776,131.890,232,133.220,1544,152.620,262,155.410,481,144.160,404,110.220,250,105.140,1500,113.850,379,120.960,1331,133.010,232,119.650,161
Apr-2009,Jun-2009,119.500,7099,122.200,9015,129.880,275,132.920,2123,151.630,268,155.010,532,145.180,404,110.730,336,104.580,1802,114.070,507,120.850,2200,132.520,369,120.180,199
May-2009,Jul-2009,120.390,9819,123.080,12556,131.150,383,132.730,2696,148.100,406,155.040,657,147.740,526,111.170,441,106.550,2328,115.440,613,122.940,3535,133.550,730,121.340,241
Jun-2009,Aug-2009,122.290,15760,124.950,20194,132.270,574,134.430,4049,147.680,487,155.790,978,149.050,809,114.370,627,109.130,3723,117.830,1206,124.750,5997,136.370,1446,121.820,298
Jul-2009,Sep-2009,124.220,14053,126.790,18202,134.010,623,136.590,4503,149.160,640,156.580,1178,150.710,1071,115.800,682,111.530,4590,120.060,1417,125.540,2665,138.310,595,122.140,238
Aug-2009,Oct-2009,126.480,13284,129.000,17132,136.500,631,138.980,4680,151.430,597,158.810,1219,151.940,978,117.720,579,114.480,4229,121.320,1179,126.480,2405,139.870,441,122.700,194
Sep-2009,Nov-2009,128.100,11063,130.520,14251,138.330,495,141.870,3940,153.010,543,160.690,930,153.460,900,116.820,476,116.350,3717,122.170,837,126.170,1878,139.900,387,123.280,148
Oct-2009,Dec-2009,129.690,10485,132.070,13358,139.690,440,144.380,3719,153.650,409,162.430,732,154.330,691,117.770,539,118.270,3377,122.710,757,126.780,2083,141.570,471,123.820,140
Nov-2009,Jan-2010,130.960,9926,133.230,12639,140.920,440,147.100,3732,155.060,411,162.440,781,156.760,607,117.640,437,119.210,2790,123.330,715,127.020,2160,142.040,448,125.350,118
Dec-2009,Feb-2010,132.370,8330,134.630,10470,143.080,315,148.930,2652,157.730,380,163.200,585,158.210,525,118.830,377,120.640,2906,123.820,572,127.740,1722,143.560,338,123.560,98
Jan-2010,Mar-2010,133.210,7410,135.300,8966,143.490,266,150.500,2923,157.800,304,162.390,430,158.750,313,119.140,354,121.430,2387,124.370,397,128.440,1317,142.150,193,122.870,82
Feb-2010,Apr-2010,133.500,6241,135.650,7654,144.410,244,151.160,1986,157.110,302,163.600,417,157.990,264,118.740,294,121.910,1963,123.040,389,129.030,1480,144.400,194,122.800,121
Mar-2010,May-2010,133.840,8903,135.970,11033,143.050,398,152.140,2944,156.160,390,163.990,640,158.220,392,119.400,397,121.820,2626,123.480,531,130.020,2228,146.020,303,125.400,184
Apr-2010,Jun-2010,134.810,10724,137.100,13371,144.260,476,153.590,3286,156.700,363,166.400,695,160.570,464,121.370,488,122.430,3021,124.550,777,131.330,3060,147.290,524,127.390,217
May-2010,Jul-2010,136.470,12521,138.690,15543,144.010,459,155.280,3524,158.350,550,167.300,807,162.510,574,123.900,441,123.850,2930,127.410,784,133.190,4477,148.510,741,127.950,256
Jun-2010,Aug-2010,138.510,20507,140.690,25298,146.930,629,156.520,4715,158.830,522,168.120,795,164.440,845,125.790,921,126.890,6556,130.050,1686,134.720,6784,150.730,1601,128.340,244
Jul-2010,Sep-2010,139.440,10899,141.490,14520,145.320,378,155.880,3010,159.670,506,168.290,1076,164.740,1067,125.870,560,128.510,3577,132.100,1171,135.730,2465,153.460,540,128.960,170
Aug-2010,Oct-2010,139.730,9447,141.800,12590,145.410,336,155.330,2539,158.730,477,167.740,823,165.140,1044,126.900,555,129.070,3417,133.370,949,136.810,1909,155.740,385,129.700,156
Sep-2010,Nov-2010,138.330,7719,140.390,10104,143.630,290,154.660,2386,155.250,337,164.890,658,165.280,716,125.820,395,126.920,2346,133.170,682,137.000,1844,155.870,326,128.350,124
Oct-2010,Dec-2010,137.620,7370,139.710,9523,142.230,247,154.700,2153,153.720,341,163.700,571,166.330,583,125.110,420,125.780,2403,132.930,641,136.470,1706,157.220,332,128.680,126
Nov-2010,Jan-2011,137.130,8317,139.170,10747,141.130,299,155.710,2526,152.980,334,162.050,622,166.770,661,124.860,476,125.100,2672,132.110,648,134.710,2010,156.360,372,127.730,127
Dec-2010,Feb-2011,137.670,6495,139.390,8384,139.070,210,156.450,1945,153.480,275,162.030,484,165.830,548,121.890,337,125.660,2065,131.070,528,135.350,1604,154.950,310,130.370,78
Jan-2011,Mar-2011,138.270,6078,139.860,7435,140.190,222,157.750,2316,152.010,248,159.860,388,165.660,284,121.990,296,126.370,1834,130.460,408,136.430,1200,156.820,167,131.100,72
Feb-2011,Apr-2011,138.720,5768,140.230,7080,140.800,214,158.480,2110,151.530,236,158.310,381,167.310,257,121.430,255,126.370,1569,130.870,335,138.210,1422,159.220,205,131.050,96
Mar-2011,May-2011,139.320,8929,140.910,10651,141.020,261,159.890,3227,151.050,464,158.510,430,169.380,322,123.890,396,126.820,2254,131.010,529,138.920,2277,160.220,313,130.970,178
Apr-2011,Jun-2011,140.710,9575,142.220,11802,141.980,357,162.570,3145,151.690,340,159.460,556,171.920,429,124.090,444,127.700,2487,132.260,627,140.250,2817,160.580,441,132.550,159
May-2011,Jul-2011,142.570,12605,143.980,15462,143.080,344,165.240,3626,152.390,510,161.170,707,172.880,572,125.420,513,129.800,3100,132.990,766,141.680,4414,161.340,721,133.070,189
Jun-2011,Aug-2011,145.080,16726,146.300,21166,143.250,426,168.160,3895,155.050,555,162.310,937,174.190,802,126.850,707,132.440,4531,135.710,1245,143.300,6267,164.390,1568,134.330,233
Jul-2011,Sep-2011,147.040,11883,148.140,15349,143.720,393,169.700,3364,158.870,501,163.380,938,175.360,976,128.770,629,134.860,4233,137.290,1237,144.040,2418,166.210,530,133.660,130
Aug-2011,Oct-2011,148.450,12034,149.460,15587,143.720,426,170.770,3390,160.040,533,164.300,966,177.610,1055,130.000,682,137.010,4592,138.580,1155,144.460,2229,166.160,424,133.400,135
Sep-2011,Nov-2011,148.500,9568,149.520,12474,144.040,326,170.710,2642,158.730,466,163.740,783,178.690,880,130.660,518,137.740,3451,138.530,892,143.990,1994,165.480,399,131.900,123
Oct-2011,Dec-2011,148.500,9280,149.460,11844,141.920,252,170.150,2324,156.390,441,163.490,737,179.320,665,130.750,542,138.810,3901,137.940,649,143.860,1845,165.980,368,130.680,120
Nov-2011,Jan-2012,148.140,9861,149.110,12347,140.640,281,169.810,2296,153.810,368,163.650,610,179.230,700,130.410,530,138.550,4137,137.710,705,144.430,2229,165.690,365,131.320,126
Dec-2011,Feb-2012,147.820,8289,148.870,10358,139.510,229,169.290,1803,154.880,358,163.640,494,180.280,531,131.280,432,138.150,3709,137.040,526,143.690,1827,166.180,383,132.480,66
Jan-2012,Mar-2012,148.090,7011,149.020,8546,140.000,211,168.840,1910,154.380,273,161.790,433,180.640,349,131.670,357,138.910,3002,137.490,413,144.060,1333,165.610,185,133.420,80
Feb-2012,Apr-2012,147.910,6631,148.760,8112,138.470,234,168.300,1790,153.470,287,160.120,412,180.960,299,130.570,347,138.980,2564,136.920,368,144.320,1504,168.190,189,134.000,118
Mar-2012,May-2012,148.640,8851,149.430,10850,139.940,266,169.480,2359,152.410,342,160.090,533,180.660,366,131.290,447,139.510,3214,137.020,565,146.020,2231,167.860,387,136.670,140
Apr-2012,May-2012,149.880,8919,150.610,11081,139.400,112,170.570,1054,154.540,394,162.420,735,183.260,387,131.460,489,140.660,3747,137.870,588,147.180,2950,166.770,439,138.850,186
May-2012,Jun-2012,151.680,14425,152.340,17859,139.450,341,172.460,2761,157.640,594,164.720,962,185.090,612,132.740,617,142.680,4678,138.740,794,148.060,5315,167.430,902,139.450,283
Jun-2012,Jul-2012,153.580,17515,154.210,22005,140.400,343,173.330,2942,160.360,657,166.780,887,187.840,776,133.690,828,145.030,6122,141.140,1117,149.660,6505,169.710,1656,140.730,172
Jul-2012,Aug-2012,154.500,14556,155.280,18637,143.150,500,172.440,3738,160.680,643,167.400,1175,188.400,1052,136.410,808,147.320,6026,141.950,1261,150.190,2708,173.160,546,140.920,180
Aug-2012,Sep-2012,154.640,13011,155.520,16894,142.110,387,170.310,2344,161.400,640,168.570,1090,189.140,1038,139.170,881,148.390,6277,143.070,1217,150.390,2394,172.100,487,141.660,139
Sep-2012,Oct-2012,154.100,8532,154.970,11135,140.280,260,168.280,2172,162.220,471,167.330,700,189.950,899,139.630,480,148.550,3538,141.940,574,149.490,1646,171.730,264,142.420,131
Oct-2012,Nov-2012,153.660,8592,154.590,11221,139.490,274,168.460,1880,161.900,444,167.810,761,189.940,750,140.180,491,147.720,3677,141.410,594,149.070,1891,170.250,353,142.260,106
Nov-2012,Dec-2012,153.170,8971,154.020,11433,138.200,240,167.510,2007,162.610,388,166.280,640,188.600,561,139.750,582,147.330,3743,140.750,700,148.450,2032,170.140,439,140.920,101
Dec-2012,Jan-2013,152.350,6788,153.450,8528,139.510,219,165.890,1780,161.170,323,166.160,458,187.320,505,141.010,340,146.840,2745,140.570,399,148.060,1500,173.110,218,139.880,41
Jan-2013,Feb-2013,151.840,5772,153.000,7245,141.510,125,164.550,1244,161.010,294,164.950,429,186.760,427,139.470,329,146.290,2599,141.230,358,147.800,1216,175.530,163,142.240,61
Feb-2013,Mar-2013,151.560,5292,152.720,6573,139.480,143,165.720,1172,159.020,257,164.370,406,188.190,232,139.000,304,145.840,2161,140.150,295,147.240,1318,177.040,196,142.420,89
Mar-2013,Apr-2013,152.360,6674,153.310,8365,135.040,166,166.980,1473,161.120,269,166.000,526,188.740,319,137.710,399,146.090,2701,140.230,427,148.270,1695,177.830,281,142.880,109
Apr-2013,May-2013,152.580,9395,153.680,11647,134.840,249,165.630,2312,163.060,425,168.190,650,191.270,428,138.510,512,146.670,3416,139.990,572,149.040,2505,177.010,413,142.680,165
May-2013,Jun-2013,154.290,13115,155.390,16279,133.760,281,166.870,2230,166.840,569,171.320,742,193.630,626,140.480,603,148.200,4428,141.480,852,150.900,4851,178.340,912,142.650,185
Jun-2013,Jul-2013,156.010,14956,157.000,18725,133.960,331,168.420,2644,169.210,655,171.790,977,195.230,467,142.990,723,150.300,5040,142.710,929,151.800,5524,179.190,1271,143.900,164
Jul-2013,Aug-2013,157.070,13800,158.160,17780,137.410,484,168.920,3416,170.120,549,173.180,1069,194.470,1139,145.580,759,152.300,5890,143.200,1163,151.830,2652,179.700,529,143.010,130
Aug-2013,Sep-2013,158.200,13497,159.120,17169,138.490,428,170.180,3037,171.890,631,172.880,1142,194.070,835,146.780,850,154.100,6413,143.470,1148,151.440,2201,178.160,417,140.740,67
Sep-2013,Oct-2013,158.190,11097,159.120,14263,139.510,364,171.110,3303,171.230,643,171.910,869,193.830,1144,147.810,508,154.070,4337,143.410,997,150.690,1740,177.410,281,139.850,77
Oct-2013,Nov-2013,158.590,9175,159.340,11829,138.730,241,173.000,1832,172.690,568,171.450,914,193.690,681,146.660,535,153.760,4127,142.650,636,150.480,1903,176.710,283,141.280,109
Nov-2013,Dec-2013,158.530,9756,159.210,12326,136.220,300,174.040,2556,172.230,439,171.190,701,193.820,637,147.030,605,153.500,4155,142.390,592,149.650,1909,176.420,327,142.070,105
Dec-2013,Jan-2014,158.720,8208,159.290,10212,133.920,251,175.030,2360,171.670,417,172.160,568,193.660,509,146.170,418,154.050,3432,141.980,412,148.710,1532,175.640,258,140.430,55
Jan-2014,Feb-2014,159.450,6672,159.930,8283,133.480,143,176.940,1604,172.420,432,172.230,488,193.960,403,146.630,421,154.800,3016,140.420,375,148.980,1200,176.520,156,138.060,45
Feb-2014,Mar-2014,159.990,5990,160.410,7225,134.700,197,178.470,1734,174.340,262,173.180,334,194.840,220,145.970,285,154.670,2316,139.290,335,149.970,1306,173.530,199,135.690,37
Mar-2014,Apr-2014,159.980,7639,160.420,9412,135.270,217,179.620,2359,176.720,446,173.820,559,195.230,382,144.920,373,154.630,2765,138.480,380,147.240,1632,173.540,242,136.830,57
Apr-2014,May-2014,160.940,9039,161.280,11073,133.880,236,180.520,2141,179.390,326,174.880,595,196.000,344,145.920,459,155.150,3494,139.490,512,148.370,2454,172.740,400,137.750,112
May-2014,Jun-2014,162.160,13084,162.500,16375,133.790,320,180.470,2600,181.290,579,175.850,1073,195.510,253,148.800,669,157.160,4545,139.500,744,149.160,4489,175.540,976,142.070,127
Jun-2014,Jul-2014,163.570,17183,163.980,21285,136.170,464,178.750,3899,182.890,442,177.820,1069,194.420,486,153.390,837,159.430,5954,140.220,952,153.270,5740,174.900,1246,140.360,196
Jul-2014,Aug-2014,165.330,14716,165.840,19335,140.900,497,179.160,3462,183.990,875,179.590,1445,194.210,1275,155.870,873,162.350,6498,143.030,1127,154.070,2560,177.630,529,141.360,194
Aug-2014,Sep-2014,166.640,15027,167.120,19236,141.380,574,180.630,4454,185.410,583,180.590,1194,197.780,1115,156.610,937,164.370,6771,145.220,1046,153.060,1954,177.900,389,142.040,219
Sep-2014,Oct-2014,167.340,10514,167.640,13741,138.840,372,182.200,2844,187.420,544,180.600,1166,198.810,752,156.050,668,165.480,4935,143.560,637,151.740,1429,178.250,269,143.010,125
Oct-2014,Nov-2014,167.770,10692,167.990,13942,138.620,344,184.310,2835,188.350,540,179.830,896,198.040,1026,157.380,653,165.080,5007,142.980,661,152.160,1526,178.550,331,141.820,123
Nov-2014,Dec-2014,167.200,10259,167.510,13029,138.190,454,184.360,3883,188.020,360,181.770,770,196.750,726,157.390,590,164.630,4122,142.070,524,150.580,1266,175.920,230,139.570,104
Dec-2014,Jan-2015,166.800,8373,167.170,10472,138.170,247,183.710,1966,185.990,360,182.170,657,196.660,482,157.610,493,165.200,4066,142.170,662,149.180,1241,174.200,220,136.940,78
Jan-2015,Feb-2015,167.110,6607,167.430,8226,139.410,201,185.940,1784,184.680,313,182.740,483,194.740,396,157.150,437,166.180,3201,140.580,396,146.810,849,173.710,102,137.600,64
Feb-2015,Mar-2015,167.320,6052,167.520,7414,140.040,193,188.660,2105,184.100,228,181.240,453,192.880,234,157.600,357,165.990,2500,137.650,379,146.420,790,173.460,125,136.720,50
Mar-2015,Apr-2015,167.830,7933,168.010,9639,139.700,250,189.140,2638,184.450,242,181.930,572,193.330,288,157.070,406,166.420,3186,137.200,441,147.490,1335,176.090,190,138.360,91
Apr-2015,May-2015,168.090,9262,168.420,11137,139.470,290,189.200,2507,184.850,271,183.110,529,197.000,345,156.990,492,166.440,3812,136.300,600,148.920,1974,179.120,219,139.390,98
May-2015,Jun-2015,169.750,12536,169.970,15294,140.190,433,191.580,3560,178.840,326,184.280,642,197.390,598,157.970,623,169.100,4809,138.300,823,151.340,2900,180.710,462,142.620,118
Jun-2015,Jul-2015,172.220,18179,172.270,21761,143.870,554,193.900,4969,183.230,454,184.270,886,196.800,249,161.850,969,171.860,6989,140.580,1309,152.610,4310,179.740,924,142.050,148
Jul-2015,Aug-2015,174.530,16256,174.330,20004,146.360,623,196.940,4720,179.750,542,182.930,1150,195.890,605,166.270,1060,175.910,7511,143.750,1308,153.100,2036,178.610,310,140.560,139
